일본,오사카
일본,도쿄
일본,후쿠오카
중국,상하이
중국,베이징
중국,광저우
베트남,호치민
베트남,하노이
베트남,다낭
미국,LA
미국,뉴욕
미국,시카고
홍콩,홍콩
마카오,마카오
몽골,울란바토르
몽골,다르항
몽골,에르데네트
싱가포르,싱가포르
말레이시아,쿠알라룸푸르
말레이시아,페낭
말레이시아,조호르바루
태국,방콕
태국,치앙마이
태국,푸껫
필리핀,마닐라
필리핀,세부
필리핀,다바오
인도네시아,자카르타
인도네시아,발리
인도네시아,수라바야
브루나이,반다르스리브가완
미얀마,양곤
미얀마,만달레이
미얀마,네피도
라오스,비엔티안
라오스,루앙프라방
라오스,파크세
카자흐스탄,알마티
카자흐스탄,누르술탄
카자흐스탄,악토베
키르기스스탄,비슈케크
키르기스스탄,오시
키르기스스탄,잘랄아바드
터키,이스탄불
터키,앙카라
터키,이즈미르
이스라엘,텔아비브
이스라엘,예루살렘
이스라엘,하이파
아랍에미리트,두바이
아랍에미리트,아부다비
아랍에미리트,샤르자
카타르,도하
오만,무스카트
프랑스,파리
프랑스,니스
프랑스,리옹
독일,베를린
독일,프랑크푸르트
독일,뮌헨
이탈리아,로마
이탈리아,밀라노
이탈리아,베네치아
스페인,마드리드
스페인,바르셀로나
스페인,세비야
포르투갈,리스본
포르투갈,포르투
포르투갈,파로
네덜란드,암스테르담
네덜란드,로테르담
네덜란드,헤이그
벨기에,브뤼셀
벨기에,앤트워프
벨기에,겐트
룩셈부르크,룩셈부르크
덴마크,코펜하겐
덴마크,오덴세
덴마크,오르후스
스웨덴,스톡홀름
스웨덴,예테보리
스웨덴,말뫼
핀란드,헬싱키
핀란드,탐페레
핀란드,투르쿠
오스트리아,빈
오스트리아,잘츠부르크
오스트리아,인스브루크
그리스,아테네
그리스,테살로니키
그리스,이라클리온
노르웨이,오슬로
노르웨이,베르겐
노르웨이,트론헤임
아이슬란드,레이캬비크
스위스,취리히
스위스,제네바
스위스,루체른
폴란드,바르샤바
폴란드,크라쿠프
폴란드,브로츠와프
체코,프라하
체코,브르노
체코,오스트라바
헝가리,부다페스트
헝가리,데브레첸
슬로바키아,브라티슬라바
슬로베니아,류블랴나
에스토니아,탈린
라트비아,리가
리투아니아,빌뉴스
몰타,발레타
리히텐슈타인,파두츠
영국,런던
영국,맨체스터
영국,에든버러
아일랜드,더블린
러시아,모스크바
러시아,상트페테르부르크
우크라이나,키이우
우크라이나,리비우
벨라루스,민스크
세르비아,베오그라드
알바니아,티라나
보스니아헤르체고비나,사라예보
북마케도니아,스코페
몬테네그로,포드고리차
코소보,프리슈티나
몰도바,키시너우
루마니아,부쿠레슈티
불가리아,소피아
크로아티아,자그레브
키프로스,니코시아
안도라,안도라라벨라
모나코,모나코
산마리노,산마리노
바티칸시국,바티칸
조지아,트빌리시
캐나다,토론토
캐나다,밴쿠버
캐나다,몬트리올
멕시코,멕시코시티
멕시코,칸쿤
바하마,나소
바베이도스,브리지타운
도미니카연방,로조
세인트키츠네비스,바스터
세인트루시아,카스트리스
아르헨티나,부에노스아이레스
브라질,리우데자네이루
칠레,산티아고
페루,리마
에콰도르,키토
볼리비아,라파스
콜롬비아,보고타
파라과이,아순시온
우루과이,몬테비데오
수리남,파라마리보
가이아나,조지타운
보츠와나,가보로네
카보베르데,프라이아
코모로,모로니
가봉,리브르빌
감비아,반줄
가나,아크라
기니비사우,비사우
케냐,나이로비
레소토,마세루
마다가스카르,안타나나리보
말라위,릴롱궤
모리셔스,포트루이스
모로코,카사블랑카
모잠비크,마푸투
나미비아,빈트후크
니제르,니아메이
르완다,키갈리
상투메프린시페,상투메
세네갈,다카르
세이셸,빅토리아
시에라리온,프리타운
소말리아,모가디슈
남아프리카공화국,요하네스버그
탄자니아,도도마
토고,로메
튀니지,튀니스
우간다,캄팔라
잠비아,루사카
짐바브웨,하라레
에스와티니,음바바네
오스트레일리아,시드니
오스트레일리아,멜버른
오스트레일리아,브리즈번
피지,수바
키리바시,타라와
마셜제도,마주로
미크로네시아,팔리키르
나우루,야렌
뉴질랜드,오클랜드
뉴질랜드,웰링턴
뉴질랜드,크라이스트처치
파푸아뉴기니,포트모르즈비
사모아,아피아
솔로몬제도,호니아라
통가,누쿠알로파
